0,1,2,3,4,5,6,7,8,9,class
-0.8225304289122224,1.772909838583985,0.36193863828137207,-0.2942782847765857,-0.024552508424803676,-0.5570884165561516,-1.561525023447271,-2.349236633263347,-0.10567377155709806,0.015589422140505625,1
1.1230011420106762,-0.11166301251473004,1.2503448745048635,-0.5592825517219718,-1.358662127901554,0.2898020197598886,1.224143236238599,0.14314443854444708,0.9297326133111298,0.08817872660415782,1
1.0705242768728125,-0.38127279626735544,1.0970203870039237,0.11619818648510867,-0.2265331138528836,1.7425284751509036,-1.2163178782953585,-0.15846319336383646,0.2665291340146882,1.0506438809083538,1
-0.791800458080895,0.057182977519173506,-0.9291944828632528,0.1621997330192175,0.7279066265978891,1.0973320850172499,0.5874022627604544,-1.2846360250173625,-0.5630399429425701,-0.43228202572128455,1
1.4432604797695545,-0.6180914377673524,-0.36675382531724277,-0.5206135307125862,1.0218732929894958,1.075290800680966,1.3911339139938124,-0.4371819812512707,0.7585032136669699,0.5614954348658923,1
-0.028625974801528203,1.142429404690368,-0.25343303302600917,-0.7669472913603816,-1.685105806953489,-0.5011304822732296,1.4265305968207478,1.2619270311245863,0.1957681459733941,-0.5549123758087732,1
-0.005425211317961939,-0.14497067273667782,0.9942265613874641,0.9148610472427429,-1.3604144335996533,-0.8854757385559189,-0.5956123191083468,0.34579260457761823,0.5872342484863232,1.0542101987126795,1
1.7778075824063013,-0.18545908976946648,-1.0064955453632678,1.009188914469521,0.7844962285947772,-0.05529904171186115,2.0299968122938457,-0.27933664484318577,1.1619217256145444,1.1760499107541527,1
0.9812683347970572,0.7147797626167625,0.41205533073144957,-0.18691894091163005,0.6846681244986768,0.19653145411987202,1.519597465286342,-0.4854549103766445,0.2029677504194973,0.7991107838235869,1
-0.9621816599032997,-0.4355957902390916,-0.07493194961670216,0.7354551443690709,-0.5658410287885827,1.0221267484288938,-0.1357768402591559,1.323586330392837,-0.6943998270167506,-0.14082535516142397,1
-1.017133312019116,0.44582700000471354,-1.9196516198475313,0.047477057231977086,0.2728255298484453,-0.1440829036880746,-1.462947413063567,0.4887180515292902,0.2643370800769152,1.725376299148151,1
-1.0105935530468793,-0.0441393997868367,1.258840838785906,2.8914963984077207,-0.05978651277313218,-0.4085364866726555,0.44615698437826756,-0.4545259884572359,-0.11323147354778387,-0.8550766949641694,1
-0.4470313945249167,-1.5655095542502975,-0.7121911751185297,0.10559010891523406,-0.14167926674221717,-0.23201874626559504,-1.5374072142797797,0.19415725619908894,-1.7975318791489152,-0.20260381878964934,1
0.48098627067437355,-0.867350107476143,-0.17734848416042875,-0.09430696113353129,-2.41859003835771,0.3319301506544348,-1.9957146768086036,0.6114727413188766,0.948221598340817,-1.8557981916680137,1
0.15381347151060684,-0.8730478629532884,1.5572564132047195,0.3909732946459448,1.3770614831790873,2.6434310383267294,0.5717497560934846,0.7266557143293451,-0.12383700354412394,-1.4458423232452777,1
0.44133131717033985,-0.8017135118932042,0.18784873251550605,0.8805355703322627,0.2541599885744795,0.25021497948140975,-0.06754017141640126,1.1006182902401482,1.4533837945920896,-0.007037514086521655,1
1.5871598103302595,0.9044198652418405,-0.4993808404016912,-1.13307461852534,0.6244069005495854,0.8903655049997842,-1.3616059131723122,-0.17865595445925528,0.6206890000760801,0.7849786921813261,1
-0.4561924530045502,-0.7144337580012134,-0.32900884031982297,-0.9996079573946255,1.3584917255322273,0.11425179703195236,1.7352118907218965,0.3728547340471164,0.30062097544808514,-0.8874957190821706,1
0.5443950598404729,1.3240863021309308,-0.049043922782288585,0.7656363798578257,-0.3966904525233065,0.3265991746586028,-1.4797906337355569,-0.3382199144927156,-0.3394300839275207,1.224088794257846,1
0.6849030779141692,0.5120400256153581,0.8563308448241015,1.1094429832938686,1.0291278411706748,-1.0005329485997754,-0.35513655208264927,0.677449626264043,-0.711264289729696,-0.16173503603273956,1
-0.24350082636879006,0.2674102309288811,-0.352710556984326,0.603622947247637,-2.239587609652751,-0.6053511541677045,-0.08643880949208917,1.1288758134514878,0.84830084245818,1.2464987533498106,1
0.2282876445304434,-0.6204411052656754,1.2231721110045446,-1.6352722676248401,-0.10631211220537996,0.5193576120582796,-0.4715480701274788,0.10533878319364015,-0.11525947120301681,0.04477277301016049,1
0.17576206026451494,0.6399048639268842,0.20530193314324666,0.7199012955105049,-1.155006891128655,0.5418418671676707,1.1639990270816025,-0.5899283518302038,-0.6987567208998787,0.42233349621515476,0
-0.8056397192433479,0.9820577990257233,-0.4021644704792895,1.9515483598108752,-1.722629491606108,0.801956699676213,-0.521624438179975,-0.8333971055662224,0.5470414520838325,-1.2839896272729012,1
0.9745835205457545,0.12512949432079443,-1.3028417258415015,-0.5858426672798536,-0.7544748193738652,-1.1746866490898438,0.2732882729437222,0.1763576395761818,0.8545060741077869,-0.9586257025831707,1
0.505675870846909,1.6515945741845404,0.33384594964740366,0.9783215152930138,1.3624453338989542,-0.25683767659263856,-0.10090604806480397,-0.989147898201774,-0.7930710256938025,0.470874443820959,1
0.5324844065945752,1.0352701006409657,1.5710025740313744,0.4444018927470317,-0.70129150123506,0.9985585650248561,0.8476290986667929,-1.164156446964303,1.1576449947575478,-1.2309414510783065,1
-2.123065403168707,-1.1161919327712422,-0.9677209903797225,2.805674592812301,0.000916095782420015,1.0750960206072055,1.038114788554457,-0.7898946717576476,0.6393155435234524,1.0488399114658578,1
-0.6351656395423964,0.03836928443499478,-0.5298645806722253,-1.068524605376578,-0.10838488900920767,-0.26087886313420505,-2.088313798824482,-0.1722587583179446,-0.6550200977931877,-0.308198325089982,1
1.7523191977589938,1.6362055524073535,1.2038271408112962,-1.2571572447145032,0.22886355772449082,-0.10014421784760189,-1.1911608893423458,0.6008690089054788,-1.1168628987020803,-0.8768849497140527,1
-0.39019604561866716,-1.1961548757151188,0.49342370739893715,0.8690990473412452,-1.135289864535621,-0.038989662465398534,0.0036086082526127633,1.3559214433887918,0.8077741755737474,1.0826845157078648,1
-1.4964229308630068,2.0462324980076962,1.1606534062054308,-0.4489916611307144,1.4559428882412477,-0.32982726363506115,-0.6256976575848192,0.5943279393333156,-0.2088351851372689,-0.5273328344997247,1
-0.4746634620558745,0.8607183792334634,0.5126752015620206,-0.3796844670354549,-0.252733715712821,0.10883042763069872,-0.507952577315281,-0.19537897764527332,-0.04772417607920887,-0.3930450193362456,0
-2.376698055095435,0.751294054317236,1.358388348170376,-0.18202743446247574,1.8318413113215908,-0.5666929709959444,-0.6806944308540366,0.6488164007376279,-0.3807903827923623,0.45680992321488567,1
0.02816155815217909,-0.17025574064188606,-0.696480252789399,-0.21229182975509248,0.654209489790141,0.14879302480206627,-0.27809000406449624,1.369445019087015,1.0938157086701767,0.5303415590812184,0
-1.0017987420560652,-2.4839896603346823,0.9417284402004104,-1.1628599814061789,-1.2435529964670982,-1.4185053943598884,0.058037064819208055,0.6929919120198026,1.504128238997013,0.6104545437206969,1
0.23899373962633821,0.37073164334614483,1.2714364020100593,-0.8668130979709335,-0.3757348768242861,-0.6078401849357006,-0.3140917107570588,-0.8991625957591585,-1.4770645711893495,0.287334691863287,1
0.05144745399142664,-0.5917580079404801,-0.2917767340624624,0.7058148929440482,-1.742167871810011,-0.5152125481566313,-0.5914931348520005,-1.6651877100765498,-0.17483840886369081,0.04943825501490598,1
0.902696017696005,0.017917344663449346,0.9134376768588182,-0.6938376341161435,1.9447804893780938,-0.48822029964087643,-0.2801711300857536,0.23272434290106192,0.5796168914938393,-0.9690570109495632,1
-0.558025681936777,0.29409458608662353,-0.8427073993829068,-0.26706378882440507,-1.8915026657252882,0.7229474425309415,-1.4663611164536365,-1.3589879943911947,0.300142869432719,0.21440996450415006,1
2.124496910699997,-0.779608171838511,-0.21378298380295122,0.9955404572180997,-0.1856175560699044,0.326322608509699,0.011798316435664605,-1.1943771237167364,0.1422690009754487,-0.9288341855447736,1
0.2928094549550476,2.7806049367953753,-0.2961832933649489,1.0052380920523847,-0.08947786905210894,-0.8882417912093278,-1.520467854225518,2.7158448877354555,0.8364322187483174,-0.25943907383971254,1
1.3886179842374884,-0.8550137376185406,-1.0138431454543668,1.0815184144792083,1.3257278708309095,-0.45067964875030064,-0.47510339608628094,0.040065145132220314,0.870217531695547,-1.564693185076854,1
0.15906518859683175,0.39899157705994737,-1.5208434804503312,0.34208793014460226,-0.46377831288492394,1.4980759781819397,-0.5840164733779062,-0.32363893876219435,0.1267087136764806,0.29561660742677925,1
-0.4269521794321912,0.7697251213155397,1.1625692599118953,1.828429294254804,-0.7619819365560638,0.15064996089322394,0.25578976396796993,-2.020859653846429,-0.8673442683912226,0.13258423275452152,1
0.614782780288104,0.21159404648302693,-0.1162641336608366,-0.9405417209134964,-0.9496345041709106,0.11323357351990122,0.9167496723283897,0.5132348217915912,-1.34660722482406,-1.0053874419363842,1
-2.2867024245853984,-1.6655440942651492,0.00020573827650584298,-1.146141498414752,1.301179167416801,0.09459203950135994,0.21264846334683274,0.7103146169571678,0.6946156519700512,-0.15700212645000097,1
-0.5545576198998456,-1.103643851861622,0.3800004003112873,-0.24317354831642135,1.5022004890818383,0.5793680938252455,-0.09358109056844237,-0.6821685905712637,-0.3853032048136663,0.07239321959466272,0
-0.558950619756063,2.7035759784608304,-1.182081229623544,-0.3365280307396036,-1.0251374318691833,0.9526304265516614,-1.2879384528645936,0.9673578102670022,0.6233560554484758,-1.6358193421788447,1
0.26864629931484213,-1.5276918315276211,0.01780197720980891,-3.031328636507042,0.02934353759876234,-0.12397124738813822,0.5938782052568128,-0.6278700710820994,0.5859475488124567,1.446066582801378,1
0.3021610093105376,0.5253603063484575,0.3675491563110022,0.34214988365698734,-1.0567240235751592,-0.06618555393409001,-1.0409361358900038,0.7057098163954191,0.39098544281753317,-2.236819136890493,1
0.699407273113081,0.7388098461175155,1.014873729893997,-1.282513536803608,0.11138044552470523,0.7079792048967978,0.782649005419756,-0.04703952196217284,-0.7283348578907797,-0.426804304013352,1
-0.05329103584766831,-0.5578281012944278,0.23166241269913154,-0.8993873495986583,-0.07121632260567842,1.7458232339902364,-1.0463614509875943,1.5066154776171141,-0.5600046205605456,2.0465201305623166,1
0.7637734074223601,-1.770691853294776,-0.9514185734315643,1.2384302606481647,-0.853840476329803,-1.1446815193496416,0.4795158252130673,0.9285919802299971,1.0340866086071392,0.8490479833804837,1
-0.13952831336170213,-2.0345096313975497,0.1081062327092606,0.14522146232794783,0.09228750181356693,-1.5377190698937913,-0.1523506929602643,-0.40314402110151715,0.2201150064195886,-0.7063035633197609,1
0.15660850925969771,0.9162700923565166,-0.5496288758035596,1.1617246674773862,1.0992981552902688,0.6556165017670543,0.37528519028712237,-1.013027016469901,1.9247302714839334,-0.04508612242970181,1
-0.11534531733103337,-0.7098029124443315,-0.913594502116529,1.4015957415118863,0.3747216095493564,0.011365159744029987,-0.5741460152067454,0.6400867935855382,-0.15518807385865405,0.5562732060172979,0
0.21965036063142998,-0.4181423149756607,1.3741288602730293,1.202633407744866,-0.24565109227757637,0.6343183653098571,-0.018031092125478657,-0.5144360915169371,0.4972690880677013,-1.0696555552461036,1
0.24709867900937663,-1.000719818833877,-0.9209014593381778,0.9551355681390356,0.06648077002986011,0.720404809416763,-2.5129782674955154,0.23200040871796776,0.7090768071311099,-0.10810167670299364,1
0.6453962727876993,-0.12313638661146782,-1.2769465030545168,0.7900659325701814,0.5017411249573274,0.8696426322163282,-1.0855346268630999,-0.5523483759775148,1.7477807660685913,0.00594102051170017,1
-1.1990304951772852,0.7560579993285631,-0.8676004523227657,-0.15015456208440045,-0.2000325392796041,0.28270065282975915,0.1946329465447244,1.802523118707504,-0.049326728587496316,-0.4952286556627947,1
1.2375116865217426,-0.548188747405185,1.2368950759509951,0.9080744994797441,1.4805478111269017,2.469237839730676,-0.5820650054980463,-0.23407279274485507,1.2154826644536123,-0.17529109814117097,1
1.0006433958236327,0.9452619575421762,0.47370535962000226,0.3531997153280192,-0.22729649269835264,1.635927684868937,0.8333937879497687,-1.119978979160242,-0.479793667454681,1.255547466206973,1
2.7267533313242382,1.4799208084301696,1.2246951196143454,-1.2121921978256167,0.43422729124816106,0.25566611474105383,0.5775000620418856,0.7514638732454209,-1.564550576496779,-1.8438428117983234,1
-1.2393077967932205,-0.9898086335273216,-0.48662799936186657,1.0513239852534793,-0.8589388611416563,-0.4502871471853688,1.0383814805864908,1.9084924061211712,0.4689154692945719,0.5034902535448539,1
1.3122274519192556,-1.1067296496305612,0.02743890519452331,0.4949948289741877,-0.4187351190366391,0.626024475084787,1.4049381342202347,-0.22074568186589225,-0.08491105016067355,1.0902287371743378,1
-0.5340365220674258,0.8848166275854669,0.5550340057225881,0.33116888607335604,-0.10796044888482102,-2.02525193535368,-1.0553012068340066,0.6621182860824059,-1.390491310511789,-1.2201983585028326,1
-0.6185499989815967,0.2006789462074107,-0.5022702639820177,0.4630678611821634,-1.2750090959129772,0.9282910601101654,-0.5852165016211076,-1.4932894072904386,-2.1237708652861875,0.3349609032534008,1
1.2068658833294212,-1.916765268962825,-0.8654305331317184,0.6912567000510794,2.0255604978938506,0.3456281088032023,0.5598449808134665,0.6863984104091045,-0.10570199283428468,-1.0746333115546889,1
0.6837722819131357,-1.646216810073679,-1.4061313397912774,-2.5744937856123116,0.400702798390487,-1.499647775093633,-1.2140546536557513,-0.4344556784045033,-0.05977876507470173,1.2819609119962672,1
-1.0418188807726103,0.8614009574350128,0.7126274186557858,-0.6470974308809277,0.20664057640374794,-0.4849152682012008,1.1390998766807547,0.7274814925839658,-2.2560509640214135,0.5241282425131175,1
0.5773956981960109,-1.5888783896632803,-1.5858541132421489,2.0050497677265766,0.7991833631864078,-0.14130721720015663,-1.0792646196982183,-1.1901322147928903,-0.7393752959124648,-0.11050829786647035,1
1.8122196042518515,0.8312587838982072,0.5297486799285008,-1.2508704015414682,-0.35755614389131307,-0.4572139646826179,2.7710738770605827,-0.7161059486897665,0.94488978269476,-0.404569418849956,1
-0.09389205762589588,0.7816060501415711,-0.4361906399629197,-1.5968168732151464,-1.927855544006411,0.4457617153807942,-0.12495821940626649,0.5537586044025657,-0.40235240117728616,-0.07792712212468689,1
-0.8192508634147362,-1.0881226120850789,-1.0776743933965292,-0.0887342912862135,-2.310573763451556,-1.555917341226469,-1.0424397275066073,-1.0707706317617232,-0.8632127812598965,0.15788364553006604,1
-0.22655535175891334,-0.9052505356106634,0.13596913927707666,-1.1695199805049346,-0.8508655669404882,0.9997146917390611,0.7196418665025518,1.9568544806680284,-0.6261774332005924,-0.12019245822641128,1
-1.6584774633294173,0.33370833512663295,-1.221569859540599,-0.19093490036073033,1.683648408641984,-0.23218725461465098,0.09145951539371643,1.938557734513718,-2.139094742054636,0.1643295784097084,1
1.1600120762358614,0.30669661393992786,0.7407211788187649,0.9577958439702471,0.05921191990220897,0.4302608289679103,-0.36741123116231733,1.6303397361554153,1.918170744453396,0.7005661840110698,1
-1.2776514081518024,-0.05783440827504402,-0.6503349256450862,-1.2426593102648906,-0.7192516477407387,0.7973205339032702,-1.3808091318066553,0.265526646340755,2.176969693449961,-1.0573763291636795,1
1.6091913362660366,-0.2828892643644974,-1.227456747341858,-0.3727819672165386,-1.2637184324708188,1.1847265589914648,-1.2851452316572256,1.5485286839941426,0.42364868787148274,1.8912049932236144,1
-0.6771192717309338,0.7461001869856009,1.6303763939193496,0.01784722792242105,0.9824684556924712,0.5148408726027036,-0.7857452913601431,-0.6429073259378546,0.888026534000725,1.487871209527749,1
-0.24392058478720413,0.048362475835865094,0.8984420937449705,0.1049314649130764,-0.8420811285020987,-0.2477504586060982,-0.10211567161251627,-0.3577535013443791,-0.3190703000504105,0.26991189965982887,0
0.2818734704315322,-0.514774766704551,0.7947929757467349,-2.1438768844050284,2.934290081845566,-0.13073284954449985,-0.22770283507720665,-0.7419870597000072,-0.5092692201078398,2.09828227189538,1
-1.2533742554116487,1.1368127629155484,-0.19616925005993283,0.4632981133833355,0.7193878307709529,-0.019181186073163534,-0.3430810368652113,2.248670347429819,-0.30117122038282673,-0.45540539798559165,1
0.359414800664436,-1.8011707592944672,-0.1754717122131272,2.7840508262732224,1.5113095041209363,1.1098234206231996,0.37305855174719627,-0.654282437832665,-0.1216410019646352,-0.6140649331197731,1
0.9209979475383094,0.13746326063478848,0.3627091930118641,0.7845629609565077,-0.9774192876078938,0.9261673723408227,0.5126125622416601,0.13426170487026887,-0.6122447369329802,-0.37049456440295886,0
-1.0018373841739574,0.7177279100219544,-0.5229058856639776,0.3616755442265391,-0.7502740479002846,-0.5962371384760004,-2.0780174373762605,2.6389611416393595,0.4035205073311118,-1.6182601690011689,1
-0.3394816186149374,0.21187623510075304,-0.7520799914247239,1.0718192519646994,-0.2749407206477307,0.9092939910168422,0.2696913983203545,-0.48895731219594973,2.454009994715352,1.2254859663684188,1
1.022961725173915,1.1711393621681845,0.8306636076450666,-0.9061036795128283,-0.051866765228330634,1.0191899489369085,0.676130326601022,1.1403642164880412,-0.09751008897822573,1.329013622677786,1
3.299330610758086,-0.6998435209206181,-1.0186985951774523,1.0738319976902615,0.48285522357658817,-0.8695272775612273,0.8153681463146957,0.660846998748039,-1.0836921886805877,-0.16121526357135915,1
-0.4751447563027806,-1.6316613994351195,3.0595754107797117,0.7723586934996168,1.227689819940294,1.1396687902413036,0.4396010905058504,1.3171944811796077,1.3136944120111844,-1.6274058603122858,1
-1.394364642996044,-1.8314325782170207,0.8883059204563593,-1.8925787915665695,0.5224116706197192,0.3059749476427036,-0.5543502732643406,-1.0671540165046374,-0.236675339702106,1.6410563770333546,1
0.14598950425767546,0.12098158978920584,-1.299878264558801,0.17242270621483619,1.1573161923835464,-1.026960351299659,1.1113906391464985,-0.22607327521859763,1.6023383529130617,0.412126870752921,1
-0.07547422938498706,0.6600930106680295,0.02477059420661411,0.04475133472853606,-0.8651061770837821,-0.12080376535825439,-0.5355081433695366,0.26154914464512713,-1.5786959601967543,-0.6359108586713644,0
-0.6519776435876443,-0.5992036149670165,-1.9133951179508155,-0.14350514880139786,0.3406169454650955,1.209745170560779,1.583340565751731,3.1718934625657713,-0.13271933682255072,0.008585344427007088,1
-0.25660186207451685,-0.4661773874855374,1.752149599109097,-0.313317219226125,0.637953493027597,-0.10111435393508655,-0.4837982989442079,0.49192090849767334,-1.017423980510584,1.22666931284373,1
0.48753834177270544,1.3400261132954723,0.8593144310904787,1.0860834824386283,-0.09751045048142506,0.4109215586677567,-1.5658104481549717,0.007055666834804558,-0.9687324861261845,0.904569885951318,1
1.0842807124089202,0.8454082385474995,0.43242481357034374,0.7503071557760028,-1.0966590845997097,-0.41814088707952435,-0.6570332758457645,0.18096566043686,-0.719190435763005,-0.2107042921744167,1
-0.8116159644423392,1.3586736985450258,1.4197139983856109,-0.24307936199086053,0.8119487638390296,1.0098472392509226,0.20862131102225465,0.44802336459308123,0.029645627079631434,-0.3985468683248128,1
-0.29784911437209516,1.9947008012083385,-0.1392084490157871,0.37727770784618775,0.3143039514446402,-0.04701175218252504,-0.37864937908658214,-0.6403412618185365,-0.49312002479990935,-2.252526971227577,1
-1.0179785354346116,-1.4848999873305178,-1.509990257583632,0.050400878733004945,-0.7479195732931008,-1.2647857398930056,-0.49009689676050394,0.15847214623352762,0.9347581011282318,-0.16428617694596692,1
-0.6378982568629465,-1.012791048173852,-1.2315995516344986,-0.7232261820343454,0.22371787662248274,2.003310606965755,-0.7168069465777921,1.345396680520884,-1.7372911436419256,1.2997683208917354,1
-1.2294703441532024,0.5246955772657204,-0.9523487198968105,0.2395335287977622,-1.264108075854937,-0.4892175852760633,0.08990208179274066,-0.06893633109850256,1.0032181170316787,-1.8434474180041458,1
-1.2866228008476095,-0.5025133339472929,0.6592275295865414,-0.42844536449446924,-0.4804422482894824,-0.22097168188675667,1.8197911462882184,-1.8256554168501369,0.11881972146000687,-0.422605196354763,1
-0.019665619267356355,-1.196632156743701,-0.9760544892464172,0.5300449602259928,0.24671499342039954,0.9099746331573254,1.0448853606270754,-1.3901330569225994,0.8930591973665757,-1.022714470633953,1
0.3619450701814315,2.499558123822736,0.3429261368687361,1.2899086690479564,0.1619921786332042,-0.7013937093308967,0.88596884296665,-0.823049828655846,-0.9655991386364257,-1.156236193574717,1
-0.5526774521772941,0.8570545011044045,0.0866980966604471,-0.47409237717634767,-0.07524114315100709,-0.10959959197376935,-1.3822875882388193,0.19400221651489324,-0.651139034253076,0.7904703139325396,0
-1.252443132778819,2.438703901432916,0.12939129213668332,1.1739866024735943,0.8901739693848896,-1.0870132284484042,1.8428080498976154,-1.343914195632183,-0.09495817116477864,0.49613856617754093,1
-1.5748795217296971,-0.024840930806480782,0.4093272799676553,-0.4286125168938192,-0.33084787052875353,0.16619409748289488,-0.6002991433902447,0.3365664065014228,0.9632526364928494,-0.08597349904247956,0
-0.10283655512273959,-0.611572491372636,-1.811028624242342,-1.2062906688334756,-1.5903109970456342,-0.5289959790842981,1.54139050194621,0.2323663216783428,-0.8772378386198111,-0.20278227765156726,1
0.17645143640424132,-1.2835415490042636,-0.8215718765941775,-0.4809548945171355,0.565214934998896,0.12115029291948275,-0.44693509523367536,-0.40787845459889643,0.07726656588114109,-0.5206060919251649,0
0.16247950352641125,0.06192738515552449,0.49580200070482994,-1.1546392818454556,-1.2186384032166977,0.3019751367522361,-0.4198319226772356,1.969242076790353,0.024569536492700154,0.8875210292088268,1
0.16025884774947702,-0.20054500370488484,-0.4051999447193261,0.38996476410150815,-0.40825184017092253,-0.7878657878049699,-1.1602731978047514,-0.07465532332137148,1.138971112460555,1.8935250750943977,1
0.2135724091459937,0.23668312202149341,1.4195223098485172,0.20381972711444768,-0.2494607648201144,-1.6156470692814726,0.7636733457819063,0.31153857983950906,0.29637351724318645,0.6010431583932427,1
-1.1547849574403615,0.3501133727176316,0.6596064801198726,-0.45059206024286547,0.14476195064739517,-1.7281809456605202,1.203177585596617,0.7270553170487031,0.47172698797217427,0.3724364127086204,1
1.8858564305481527,-1.0947975036862567,-0.6699202271672857,-0.16575360165082556,-0.8244942534399486,-0.32427986946314097,-0.4876107492838133,0.5625597208337753,0.3232581702650658,-1.7132930020485848,1
1.1922767165597756,1.2656797131421011,1.5775191492652398,1.1901902137283975,-0.9652545335261555,1.0544941877660017,-1.1249783774321218,0.28684589975333,-1.2232565486267453,0.21861421506439968,1
1.2199856938285945,-1.1775899942207542,1.0155108546320084,0.46104329061491733,-0.06157133202244797,0.24298829631997307,0.13069240753069522,0.5320289321823088,-0.5469956526995519,0.32786407194066386,0
1.3519878463482071,1.2932768315995418,1.2773182944535786,-0.15384266408678057,-1.226889599278846,-0.5045086050799247,-0.6287512990669459,-0.8367300130068211,1.185275550748024,1.0295958301719617,1
0.0032662683692029305,-0.48011936653320947,0.9914718423354433,0.6763634657307483,-0.7371864477677816,-0.6122814480867926,-1.4975628868461865,-0.6121557973538112,3.5560153326986486,1.15414980635122,1
2.0265249825229756,-0.250189702875406,-0.39408527318863096,0.6654860098257411,1.0923499216535286,-0.0630881392068991,-0.5786790717907538,0.03877354608896019,0.43570340973222144,-0.41285328079408745,1
-1.016387578414652,-1.1061007638441216,0.6538023263974329,-1.2808426551843912,2.759723465129404,1.8235265462345454,1.1648454527689338,-0.030009287078433422,-0.8756074017035739,0.4060161268532052,1
1.024792428285566,-0.2042074439607136,0.234025741483614,-0.3929856051940772,0.26009298430268935,0.23899479182703234,0.5927810820336022,-0.7013023130756321,-1.05655237550232,-0.06304731948526876,0
-1.0211011135407082,1.8477551833173596,-0.31239473671500617,-1.1888872631572822,1.7210528660236095,0.3301295234655212,1.8121503897056614,0.3790616261504798,-0.8285172679058783,1.0862984971966245,1
1.6619374920854852,-1.5310306924339014,0.28349872928654624,2.494697811352636,1.7130781273802127,-0.671677049546014,2.0731373916183995,1.7210689402242263,0.8728793097287058,-1.4204925017869068,1
0.8925468506564673,-0.5177720024350047,-0.9708798978912451,0.4911334393808735,-1.4609665177965054,1.0419085249929125,-1.9043484741087524,-1.0681153721590848,-0.08847575363229368,0.6794431515413067,1
-0.6838308005246317,0.16769442972833695,0.25213325465891734,-1.18755314097511,-0.6783124925858736,-2.704623683586604,-1.615224966114327,-0.00257046891986126,0.41684355926053746,0.5190228888313994,1
0.32202004402858225,0.2722507201991002,-0.13945550850391,0.688224350149073,0.9750955921638182,-0.08109645711320058,-0.9870770163729795,0.2554786892786509,0.2890563739799178,-0.048882131378521675,0
-0.7427802195803644,-0.2953225794343439,-0.751424514146055,-0.6111273507889098,0.47736847923460224,1.2970046582269956,-0.6265883140482897,1.0848822846712862,-0.07842278701968347,1.19232940928852,1
1.3073728447178277,-0.05480835223128924,0.21536833706648825,-0.40272418500749985,-0.00550939402869835,-0.9341765232088041,0.20901237691047098,1.4501304369432935,0.6264203745366129,0.9076435463703759,1
-0.21490653682411373,-2.75209099992599,0.9681108694894676,0.6150827533987973,0.8155200863483247,-0.28262844021315037,0.03253302377468652,-0.2958740672920839,0.26139574758288625,-0.21231102081868128,1
-2.0348386769099216,1.571569042062949,0.2079006345866342,0.20702155048607346,1.4924678739293822,0.8443372893825315,-0.2846447195151576,-0.17214656375960727,-1.0106151085555843,-0.1490671391196849,1
-1.5763077166373725,-0.3529947779379382,-0.681694095643461,0.18854602047836674,-0.821306571619078,0.0124616906579652,-0.41199724750869793,-0.27569886425126655,0.6270147897354188,-1.0949055324788273,1
-0.27112608710755043,0.10683771737254004,0.07341473817299217,1.5880947339472207,0.2624890869903142,-0.17099413197689073,1.6734084650260856,-0.7049380860272331,-0.5504627209865661,-0.22941713281154216,1
0.29267056669903313,2.377410414366465,0.4140696787898323,1.0053137378033374,1.087938278173338,-0.5148170980721739,-1.6788862322194238,-0.18755871764515683,-0.5321086669777693,-0.6636509934893274,1
-1.623203590130947,0.3393721433005251,0.5096326035188139,0.2169430297890214,-0.26830794550306614,0.6336261291253201,0.912672258765375,0.15727461181018793,-0.21861932527997005,0.8399849278576906,1
0.5295344082166794,0.4004583746184006,0.6164501829885104,-0.3252692665302569,-0.6292181902027802,-0.5033174627786379,0.46138322764460615,-0.6977000466524649,-0.9813328114795589,0.9663301314131924,0
0.3062926039264168,-0.3207909372381835,1.0482391783828033,-0.06385177332848116,2.11597948250418,1.5291020787684184,1.4180668424030882,0.05288803855042204,0.4535762570795525,0.45246463561550787,1
0.910931429416842,-0.6415517448169744,-1.3115712175621865,-0.03409955341278441,1.6020368439532922,1.1767661066440287,-1.9713060955792008,-0.8535224281052578,0.39052031347112315,0.9376818485505876,1
0.02304644114064759,-1.1452862099902865,-0.29062507428373685,0.25509862716994414,1.2636632612193928,-0.23338377618017367,-0.3024713098237958,0.8515306951089815,0.7275722193945902,0.18129225314665331,0
1.0893601017386938,0.7780402122811829,-1.52352278432154,-0.7696111456879754,-0.04024639237250191,-0.7786199509614902,-0.44620921695412263,1.2200788499003012,1.7718521970697225,-0.04286219809314323,1
0.3380854213215895,1.1877006570989204,-0.786424802854693,2.437001856708324,0.5177375205177452,-0.16930683708634364,-0.8300866065884824,-1.536335863825277,1.6258687760102424,-0.3088795683178578,1
-1.029364855238662,0.6736797023218021,0.41406156502920244,0.4573853827580058,0.5738349322378578,0.025705085508653927,0.8716287139346105,-0.9145420182921383,-0.5777669032545462,-1.3658193013257616,1
-0.10611261894718019,-0.9966070133282507,1.0382271729142116,2.262185170448913,0.4052509785727759,0.463460846203505,-0.7306059905063651,-0.2481176066719222,-0.5583811620070298,0.8117592734855509,1
0.7139917350300748,-0.39639252750381365,0.24651646125736718,0.4869327376174739,2.0624166535576145,-1.1711277325957363,-0.09172652877127285,-0.41632650132668325,1.008661330462226,-2.1355619136365998,1
-0.5713242453229034,-0.13099931641060036,-1.587640645676693,0.41325238241412904,0.693901264723908,-1.2297824903278416,0.503364436001796,0.5244716232478089,0.29023165094331893,-0.42175023659862754,1
0.041093114280782286,0.8920774813701315,-0.3511317509453322,0.7951185362704611,-1.0118560880912517,-0.8007274974614456,-1.3915296588065895,-1.5882032140680606,-0.047639512868906164,-1.0545100079701655,1
-0.3109988295933647,-0.6504042907222661,-0.13623049362069867,0.42617359692208345,-0.7009912048346926,-0.8050962767175438,-0.6221484559708488,1.1406860971455965,0.7774507124531105,-0.36251289585273244,0
0.07011154772363108,0.29677412600618963,-0.38399763607402315,2.8239978633730045,0.759028384661347,1.3753774876745635,-0.48076000068918356,-0.2867705430708628,0.7218730276022431,0.2317366580919122,1
0.5025098538258662,-1.2903795979278416,1.7894541972372504,2.1744402803435117,-0.47725583615735906,-0.6862127620109616,1.7904044296323638,-2.0569492803397122,1.2538878008443912,-0.22030581232744315,1
-0.6563538994348009,0.8023715003831253,1.22610447679151,1.2866166686712766,1.0927913735555546,0.44314482080861783,-0.2675089324992027,-0.5966937797937276,-0.9389191737327186,0.38973539793531664,1
0.6113010611269081,0.34748735243494544,0.3890674918758993,-0.24809542417235528,1.8724188929829206,-0.21233426927148744,-0.3590580738490782,-0.34593885733740304,-0.15355705692199076,2.3377306261363056,1
-1.3286493707321605,0.9295332984159225,1.6790124602834875,-0.025238962780321866,1.80041840913314,0.27891798458368233,0.9565331709103385,0.746325096539674,-0.9486417227128757,0.6485872197025625,1
0.35130120976476076,0.3533001227483802,1.815587652304993,1.2249473637886268,-0.7309145216511697,0.03559377285620559,0.20050746259847124,-0.7698431471421684,2.141398280159848,-0.06423295797018116,1
0.6241483445655155,-0.040229906461993786,0.062073205281557915,-1.188001295856775,-0.5143029570133564,-0.389041293709384,0.3711947287382683,2.067510040147084,2.149290180192816,0.01810662296490749,1
1.2604150251934807,0.5731544271410188,0.7332192936923438,-0.4173847846651352,0.3221557133591742,-1.1599886392178453,-1.1342433418299236,-1.0611736488370376,-0.3977026630847304,-1.9574287146998808,1
1.7206127481370663,-0.614496960755191,-0.6046119962912787,0.900254467399351,1.2581403748000803,0.14720830241772306,0.8266785649240797,0.6359708931404957,-0.6436420465424049,7.818464286923898e-05,1
1.1421510475032484,0.6743357945887534,0.08228073335847569,-0.05119981629575007,-0.1437279512618051,-0.1005141718757428,0.8922807690718859,0.8203569262228126,0.3926338355766197,0.7015129886188,0
-0.7283612282214221,0.679994098724997,-0.28455854050447116,0.760030106019227,-0.07419322950970103,0.1666603101538781,-1.8815196176809132,0.24824591141220342,1.2878743229474843,1.1512178211141322,1
0.36382112631624985,0.1019328806263477,1.5799580803148896,-0.4361610023370458,-0.8538985080518514,1.66447674707377,-0.935908956079556,-1.4859154717345404,1.8405718067947143,-1.6438849225711738,1
1.6139288853985845,0.81945846657213,1.5348779406692965,0.5880164114475762,0.6809286373896697,2.009448065165252,1.2042782769320908,-0.2564861504105307,-0.2052029538676998,0.3538377091349142,1
-0.12605439120717143,0.9055047526953042,-0.8136597222797272,-1.2976827984966237,1.775278747630738,-0.7338517723870108,-0.2706479326882154,-1.4598633780073067,-0.3194800686156445,-1.4449922757948686,1
0.0694414040004116,0.8408501399462821,-1.2739652225125715,-0.11516868086628876,-0.20700064552168515,0.44200988093299176,1.9677900612081802,1.0005294610874875,-0.9106093956839728,-0.26797378900906543,1
0.47402826576965784,-1.128295609890557,0.689645121155381,0.9187211336749364,-0.2591729796960057,0.0929152701565539,1.0805107619764451,0.4007194390680986,0.8098239033247457,1.8073126697136839,1
0.6186236026818909,-0.0020686034781549623,0.9352130291612203,-0.48254553380194726,0.9429055580793537,0.07733624330938714,-0.9486811345684418,-1.0499719049727194,0.9573490559817578,-1.2432351259778498,1
-0.36685728468801115,-1.842409500419116,-1.1177954926649563,0.04981234585504022,-0.3155125030711061,0.8618094450540932,0.2902578062081331,0.9203612113207251,-0.9914258826644274,0.4416694779545588,1
-2.3579383235880123,0.12006613427687085,0.3404304879447309,0.10358431478540644,-1.0576987763040133,1.9760444511917852,0.7463385383101568,-1.2129542804056945,-1.5822767444561474,-1.3116816736820605,1
0.6000780843592743,0.7592392400804042,1.0543556397818643,0.08356046767754724,0.623306059998679,0.8719157142038613,0.9965565995948047,0.7127190798028683,0.08149075313883974,-0.5314544958507645,0
0.8923711061715794,0.07342984459194621,0.1409654675350087,0.24641064107775912,1.4526977091914093,-0.06940394956379867,-1.5177480248465678,-0.7955405672086051,1.0787391180484258,-0.0726928841257657,1
-0.8803762383716741,-0.42256859284815335,0.657063859451668,0.2215787532720767,-0.2853049198699418,2.4942930216068464,-0.8778320861143695,-0.6538096415771143,0.6049208770886205,-0.02902570355594091,1
0.3302732072006219,0.017067131015870665,-0.8361241914675189,0.9072817875682487,-0.3689258580721021,0.13741914690088675,0.6271755893001668,0.6051078075077886,0.43803181094341714,-0.0547640480430385,0
0.5989361988768643,-0.9503023277570902,0.7668596646821889,-1.0797839269523846,-1.3618953873486586,2.2049581178373674,-0.4268033427638266,-0.18771796464225968,1.1494646395043568,1.5173913415143339,1
-0.8588712640673889,0.47206072372802366,0.3032857795090891,0.2407362971463767,1.4616282800590603,1.129257609345873,0.8502229688337208,0.17172285042324337,-0.1514038140756004,1.3561451008209917,1
-0.9703602652046119,-0.41970443661603246,0.7183859334465597,-1.7687673480519355,0.03130240310713257,-0.924505763507214,-0.06498033039395033,-0.7905436670963089,0.9077596678003039,-0.6561624084413541,1
-0.04833050212746959,-0.30327233261840736,1.0321871543159078,0.6847917752930873,-0.7502692287074044,-0.8122767296222458,-0.7051918753982548,1.174780691089052,-1.7155983014340854,0.946874527010843,1
1.938637831505781,-0.2694258067840418,2.371713938229778,0.7723479239971884,0.1607218290404322,-0.2533282085960181,-0.48995013441870605,-1.543062303905599,-0.46502195735938856,0.825837710517506,1
0.6921495483942337,0.3531092695989593,1.346318916093323,0.27661579035743566,-0.8104241001788945,-0.6470807224284876,-0.22323275234793635,-1.4438496303421373,3.069609064530942,-1.7341572614861502,1
3.1176481006694012,-0.34124387914251636,-1.032009133580452,0.03838169024694052,-0.23919762756636537,-0.17750652519860796,1.047723480581691,-0.16815362930749375,0.3973235547552442,0.5615076050196608,1
0.09679369659256329,-0.996783208062965,-0.2511866659383762,-0.20949852559477525,-0.45352606455495265,-0.3937084619653994,1.1351909034228542,0.12038968152011975,-0.3051411882440587,-0.3073909661412183,0
0.18080710362084107,-0.40509498589286325,1.5854044168116106,-0.8621100082684887,-0.2689394172530674,0.9456012754885115,-0.6564400744741709,-1.4072749871250645,0.344146216793369,-0.5152958923443289,1
-1.2296368682192242,1.3720724557812258,1.7070782132091797,0.8832873233379074,-0.16859933858734497,-0.5016556433783909,-0.7138302106715445,0.8787132838474658,-1.714412598620426,0.40391374994843926,1
-0.30507485680577345,-0.6442652313103432,2.196209608631375,-0.7837231021378155,0.7667118022290831,-0.7573639166885524,-1.08526100560241,-0.6654805792699537,-1.3742159714578233,-0.7359665356972442,1
-2.4751688488933263,-0.06173196231237352,-0.9302515944933877,0.9312543233059402,0.20124069060598215,1.4460431312025066,0.11547004574807297,0.6943717950827932,-0.08903838469777187,1.5137345199537735,1
0.8983020177072183,-0.8908933423625224,-0.8575425616650103,0.08465232252690592,-0.39061392662044375,-0.831469082065314,-0.30691426765246826,-0.44467092116899015,-2.4321294040653276,-0.9229190209789483,1
0.0741001664445699,-2.6278266523317617,0.15129845442618878,0.352718540323542,-0.26248340994104924,-0.007091298654612249,-0.011191029172748751,0.14070680696280796,-0.9548468303991978,1.4138992066265303,1
-1.7312717428423663,2.534615301427428,-1.2306468196155793,-1.3403248338992089,0.3050779621231649,-0.41126967701681616,0.8540631537510041,2.3394103632388275,-0.19379174642530025,0.39429544572962927,1
0.7605383270058226,0.1326513929788084,1.6252716050380625,0.08191696128913564,-0.40781067464739107,-0.5208901652430911,2.589848593570258,0.19314175599442074,0.5750062866232816,-0.2538983077215117,1
-0.6779114907663019,-2.6105973649810537,-0.007260216401832476,0.03970065852380875,0.6571342814997825,1.6916166293937969,-1.7829180414423926,-1.0368466652468404,-0.9090432288924727,-0.8168874789818785,1
0.8303330110767536,-0.14690216312180607,-2.203027124228638,-1.4042416625259617,0.21039278369217868,-2.572372674490484,-0.4290234334119625,1.0578417820184016,0.3632733218908266,0.05544515075932826,1
-0.477518995225106,0.19022777050498924,0.9894974280542435,0.4152792945805983,-0.04275297035089484,0.0015862372531603858,0.4541590994392626,0.9615069729987566,-0.6518239911285223,-0.7857143762893856,0
-0.5439993834544906,-1.7583874574697063,-0.48343011665918145,-0.07572579091218723,0.6280569717618999,-0.49269100349741857,-0.2969604428654815,-0.2818030188378764,0.5584837946684119,0.02310813555285955,0
-0.10611890602290708,-0.31537949586767744,0.8368663953906941,2.321423205986752,0.7458205240274108,-0.6558822258185902,0.45892327976451863,0.3860516029409313,1.0804437727190708,-0.13926558584922366,1
-0.24334276699655566,0.308315973589387,-1.8513498715836059,-0.6765274589370985,-0.8335825028923978,0.2085313447000549,-0.890943869707514,-0.1889955649549161,0.14830770909025986,-0.8203639233605667,1
-0.5497953500747746,-0.5347006345741553,-0.4799483670400201,0.8662262140800413,-0.7091116147537156,2.531832484217039,1.8823612773404803,-1.5756883564103943,1.0358103072022369,-0.3026026660960574,1
0.26040880094592245,-0.737356033296352,1.8328464913938776,1.2250022749307397,0.275110830446729,-0.6242926964774876,-1.095910804657141,-0.25554383761490873,0.258241967997885,1.0519593111797332,1
-0.8657679651462944,-0.6553837027954987,-0.23879674155766586,0.4085658482254496,-2.6652020683835302,0.3580374854738473,0.08456278604137077,0.3577921341948767,-0.480636616550134,0.06952147701917723,1
0.6158745962718543,-0.6718208023441095,0.1345994770463419,-0.240427172221316,0.690021856596508,-1.2955033002738212,-0.4089016063700669,1.8655418757010807,1.3847620465756514,-0.9239072060284992,1
-1.84476444203972,-0.8907023182856012,0.0454302983665872,-1.4151642701624965,0.3853673984899504,0.45579125020372413,1.8094397299408833,-1.4287277965022025,0.49113443601452755,2.323794661348919,1
0.12638992242655792,-0.34566169115475864,-1.045165504548231,2.8534897691523247,0.9231048116580581,1.3289162495906712,0.865561960857686,1.2166849932951904,0.0833052776819739,2.0644835636117143,1
0.28466153460168675,0.5616552964985481,-1.6342390794785175,1.5684658288692104,0.7317306221899077,1.3023092286139524,-0.13574793283009284,1.6216645248995176,1.4032126460339636,-0.1622007960522466,1
-0.07679899223987686,-1.2612742038714906,0.7941146776084959,0.5081413171311376,-0.6166937579022882,-0.37608474616913595,-0.22402739548671535,-0.3019867732012674,-0.32896135110133523,0.4029524751246085,0
0.9638284041092158,-1.5133084213764716,0.8426113169006717,0.5704962552662067,-0.6922892014758241,-1.442393297613751,0.09801578933197737,-0.6497266735252231,0.730718276750225,0.7742734369062386,1
0.7414459318211947,0.9906192378900948,1.5207931577356362,-0.07994428771036538,-0.39914259255307344,0.0008799563085460268,-0.2449062825659222,-0.6389051466659931,2.2716938194640424,-0.9720552396284231,1
-0.6203557764101937,0.2345664761839187,1.1194606450813156,-2.059599950290575,0.17034146721580806,1.787141248909408,-0.21191298275488338,0.5323195820457826,-0.29403466229613484,0.7926911658878205,1
-0.20680565019452815,-0.20768357851910083,0.5750961343329588,0.01754837576673865,-1.4189769947862545,-0.2596733935638802,-1.6205989692328309,0.5676308690539555,-0.4181825792806009,0.5462403866248213,1
-0.2956459470282252,-1.9653629847453207,-0.8348444332856072,0.02627803449096898,2.1334748234478824,1.0236359562496005,0.16663236524927053,-1.4672812544864908,0.9287708848822104,1.383937302117591,1
-0.2267086507815211,0.5213590715500309,0.5353245716905132,-0.984013837463357,-0.49258970966416193,-1.2106569054138487,0.6822367221727255,-1.0265508931607015,-1.6854171160291136,0.818759185766791,1
-0.48801196662308377,-1.928737157196072,0.2753143031923438,0.660859741912844,-1.0620206142879869,-0.1779648783852091,-1.0422230932434127,-0.3207375706777937,0.1785521603771225,0.667773447278958,1
0.6597088441045981,0.2316504328694107,-0.32411468926269105,-0.9274656027331192,0.9771950987939214,-1.0038269049013027,0.9450152470836858,-0.23497465069222012,1.6798825860400202,-1.4716559003703942,1
-0.43375177908945284,0.9599408715380898,2.539911442010636,0.8115182891278924,0.24649201480115385,0.35791395756809286,1.5607466915816308,1.0977092503214163,1.0220274277603787,-1.0105827542980468,1
2.20382993002775,-0.2007743846003955,1.1791525885594671,-0.29167108476580816,0.9134468555753245,0.5220781221433621,0.5036063114666042,-0.8921754747928691,1.1092803906182775,0.36961173134216896,1
-0.7731218955020978,1.664485288339641,-1.1488241251233888,1.3332807272221576,1.3712092254450852,-0.5940257339414365,2.1100136921848995,-0.9169720947653182,1.0481287406511508,1.3301653935495312,1
-0.44141531604478934,0.20003577518094237,-1.1944193473214344,-1.6132794348600665,-0.8014208880438471,-0.42788839048839766,1.075381123106837,-0.2625362502915263,0.8377238669274465,0.1629907320756826,1
-1.1738936221915621,-2.463245439267812,-0.737850991827418,1.7716549029624806,0.6174473135332967,-0.13698801514742331,0.19413186998545123,1.0109673868342677,-0.20090262305753506,0.7365699820859324,1
0.8440722432812535,-1.5487467848493603,0.6061894918639263,-1.7525770631327788,0.2935822047100743,-0.08587482370184046,-0.5173181768541824,0.8821111463279692,-0.3228916792618327,-0.18662157707042432,1
-0.4706502790365409,-0.02457777246637702,1.6243964165197131,-1.1239145462665703,-0.2541857118934915,-0.586365182410278,-1.9531529685009237,-0.05257699700376042,-0.5601659675147815,-0.72600709269254,1
0.2939742309166307,0.28736208671244945,1.4430304399855287,1.0918021732822674,-1.2572763734032664,0.6335305577409774,-0.5717239845537864,2.178540643182187,0.03077488609979974,1.175593875852964,1
2.028485933864969,0.4214355640199161,-0.21023951264191856,1.0412417453659317,0.328254654893798,0.782951567048031,0.3360266490392494,0.3743798661468468,0.3458097523832696,-0.2799590870974945,1
0.4525290556021574,1.3971952197401616,-0.693428729477114,0.3397907487134632,1.076891365448175,1.4002428538884202,-1.0182727529824283,2.6077658807335555,0.9728100539734117,-0.5241933581458195,1
-0.07895518268285695,0.2718375374183788,0.4411252753000221,0.3954574434305842,0.2993092318168771,1.7658606467063203,1.166183294273145,-0.1704090539654328,-1.8698288932004563,1.0217874977196857,1
0.9862944783383633,0.4434239381927495,1.006090501420414,0.29274036771576967,-0.698119433347479,-1.042429449699234,0.5097259723381419,-0.4880386834005934,0.09549806698596562,0.4969383340145562,0
-2.0929337542180595,-0.6207834967704038,0.9610895626526937,-0.12003884100846729,1.6406674699212047,-0.9690228270429907,0.8988718671503325,-0.20849690628008108,0.7731840718821144,1.255260170423465,1
-1.0735854495203507,0.7837732997830311,-0.4252134338876876,0.4203223795797887,0.58718136691451,-0.6400335447041388,-0.43562576705284983,-0.44551386102954893,-0.5318056208364126,2.0051627578631894,1
0.741536035554263,-1.9430003233713666,1.1923043532927682,0.7967304642213787,-0.45208697599648184,-1.9611714646913652,-0.5559586822079351,0.9784569827365882,-0.3699210649860608,0.20073095072360997,1
-1.9611714181305027,-0.13001515873357644,0.3690270922058104,0.7140252101226635,0.042551379743532576,-0.9009842412507593,-0.6899171828834469,-1.8985304682712734,1.6379935538058061,0.7282055865126114,1
0.6365273723719266,0.24196288890278625,0.24724821633212707,1.206137811846745,-0.15592336065491377,-0.2099712629232567,-0.3367716210507402,0.9871269822804509,0.19969544843522247,-1.002653622046646,0
0.7720145754055133,-1.042974136000472,2.154779759128381,-0.09183859520682765,0.5065504264981366,-0.05674819326577932,-0.07610384899291171,-0.9403194163501517,-0.3896062002247285,-0.4199138366308486,1
0.0010843085796460178,-0.2522465466166359,1.0732786661342837,0.8496310478580653,1.9804274921845793,0.6537710924623088,-0.08887024591544451,-0.33350972651633193,-0.8571164259477299,-0.17283665477564505,1
-0.1417766075873852,0.02665259117528938,0.06315225874968171,0.5261386307317371,-0.600754605526147,0.042030697107158496,0.4097301871112167,0.6493394187584622,-0.18362606755505495,-0.6492136537099749,0
2.0591430741505277,-0.9052409295454347,-1.165512423990827,0.5175718060625006,1.6858345794506575,-0.719258820618597,0.8889328427321124,-0.21757472439726736,-0.7340757723087962,-0.2562218658133896,1
-0.3669129840083193,-0.2817031809753313,0.10050717627356767,1.0959335896159372,-0.6252061241283795,-1.1370394047364738,-0.29253756442786844,0.9059258062127747,-0.737795876558667,0.25448386851232163,0
0.9643272511824776,0.3787324540969015,0.9509949243949043,-0.4093703774329851,2.0195329746199713,-0.2203708357708646,-0.4688031933620589,0.15011904138412396,-0.8493890054676655,-1.7097694280071944,1
0.624573947615428,0.684438466109481,-1.2877573855645563,0.8029472591774884,-0.6385523084480191,-0.8917704756101492,0.22420390372240231,-1.748846801009614,0.38101812022456927,0.3047644612074693,1
-0.07962437795097402,1.5685609379344063,-1.0498472572355715,0.8413569493359014,-1.416322593521794,0.7476362816383524,-1.0438241339469423,1.9704659121598176,0.4218899531868129,-1.681996346551562,1
-1.4697748523079444,-0.8186114404828345,-1.1574487470433428,0.23426092493911624,-0.0007535864549835577,-0.023371182073784646,-1.512824990327563,-0.5321897101650647,0.28247320221922817,1.5133338247357146,1
0.8282894619106015,-1.404630151965075,-0.6201822096045709,0.9902368739913111,-1.212925724848271,-0.303685899858942,-1.5443314948840818,-0.4234221535734274,-0.17627923659358155,-0.38250908126299765,1
0.5979359110603228,-0.007121757729928679,1.6712611665896084,0.3943390528912275,0.036155386132693174,-0.6107294965843774,-1.2182093581890447,1.6814241289364762,-0.30747147877537173,0.5570975683833562,1
2.7083930584148743,-1.316611766778858,0.4717772974569494,-0.1313077006964721,0.7977001753489625,1.6999038587222401,-1.9781197503896444,-0.16908067561451542,1.8103816637733023,0.42088065238060507,1
-0.15953383900902082,-0.20749446153157267,0.4272312181767396,0.637205246546691,1.883848212946613,0.11199239541523237,1.2225014280109459,0.398958474705291,0.8052875208538388,0.5472346561399579,1
0.7318659022671317,-1.4172574256524144,0.4820275331927136,0.6039471830925208,-0.042594760241739256,-0.15348832637052648,1.7533674530192165,1.1709559957975064,-0.7812138392253313,0.4373939359344339,1
-0.7366360847891897,1.0098191142808712,0.36116124830812385,1.7286833622989721,0.6809752750411242,-0.5564976439244425,0.07392665066680443,-2.3201523608078927,1.225139786096934,1.1886102911179326,1
0.3539679824937619,-0.6917343726945718,-1.4819770051046588,1.2624031598070364,-1.350403075093118,-0.015847998988984358,-2.7036818164758087,0.5220310790516764,1.26199432423043,0.5102496482554812,1
-0.3639413407836093,-0.7619054996142668,-0.8681614215089245,-2.0065808495081896,-0.8464904158689729,-0.47213223198766374,0.5604329721597106,-0.043940654261604706,0.2616306778883351,0.44212718941244133,1
0.8537948508416582,2.1953485239052997,-0.6039594512782606,0.07349384275610361,-0.2715714920579358,-0.6278532542689232,1.7598386641091048,-1.7892513367689058,0.44955940608920253,1.5266045091686762,1
-0.311160800937223,0.8466412951018701,-0.813595678876615,-0.30163063231966025,1.2869080860000766,-0.6709781134559711,1.5526471216610422,-1.418047140127645,1.5229589364040377,0.8569319942399517,1
0.05890888679680619,-0.1996453999845438,-0.1086827135596526,1.1256951368418813,0.7352025889275252,0.2309345629893184,-0.5589357412092125,0.17981262045409327,-0.16524327162520497,0.0700276512125604,0
1.0702664387256844,1.1964808394403645,1.476284908609172,1.1855678717574323,-0.257230564217932,-1.0416390243951765,-0.7134805614187391,-1.19930344727788,0.9042750554239485,1.101838975944859,1
-0.4798718802583822,-1.138622980449016,-0.054093968037850444,-1.390059769932916,0.40684755517573673,0.6723272475930289,-0.10001368237152582,-0.6835563886049383,-0.17872030356949248,-1.3361788392314122,1
0.21629129985701687,-0.2155142651232202,0.4827927747690393,-0.37151268465567283,1.597509095693457,-1.0094240159138028,-2.2040883839736716,-1.711882284786791,-1.32726861232011,1.4939776023052056,1
1.0117130312224096,-0.22885080829859836,0.7609156596187865,-0.8122884118798634,0.7819656328584393,0.5009507551761219,-0.4514667125563499,0.027778430371271323,0.22410119307482093,0.3561783651624755,0
-0.31249810894420127,0.5963802153327918,1.1439165713108168,1.1075968681491568,-0.4058046173879829,1.1834952080594423,1.1695082466477824,2.6923661815568716,-1.4355716952482211,-0.727416208793273,1
-0.6110003358837316,-0.9903362376981855,-0.15850862091157872,-0.5145710808097761,-0.4327799054355173,0.31010950580259766,0.2998536343356381,0.3499676319061902,1.3681829873905111,2.350790705046549,1
1.0050466167679826,0.39793549977317066,0.6192726579724847,-1.4575810728888086,-1.5236496473199588,0.8313252111221717,0.15212867071882222,0.5192679221264325,-0.1642403957419076,0.8942451733653898,1
0.9908911805061726,0.6341464442939443,1.228706186537784,0.21569703620384262,-0.42377067816855146,-0.7573237248796396,0.2934451310184962,0.9663082143960161,0.9652237743962896,0.04227199081570846,1
0.7857913424803068,-0.8998361445295452,-2.9701620354667737,-0.17607136531610987,0.22711348868811196,-0.4675766591165388,0.6287575506104351,1.6041769461020021,-1.2238689943598084,-0.8439763955396895,1
-1.874964390598131,-0.5912390086188759,1.9204222264328528,-0.027730319803195735,-0.9679749287019553,0.4301969810823345,0.6406689550119807,-0.16310934527612328,1.013902758163571,0.6644622839760504,1
